"","it","dim","N","pr","lh","prior"
"401",401,4,162.834700395741,0.00528952241338271,-5709.42925384331,-797.068822775855
"402",402,4,110.582853892276,0.00426561236916491,-5709.70246341173,-791.500343765785
"403",403,4,240.503485580263,0.0026159077444919,-5718.02409380899,-790.458625040677
"404",404,4,205.485231358953,0.00183085130646193,-5704.4375344395,-802.810228797123
"405",405,4,258.372941736544,0.00327101443038419,-5718.56838499033,-800.589798494316
"406",406,4,205.338320552647,0.00256165099313855,-5717.52143863391,-790.709476980319
"407",407,4,158.762619526741,0.00158348188613905,-5714.22825737186,-791.976264056541
"408",408,4,119.737028910794,0.00345570106013083,-5716.90056539195,-789.407336441679
"409",409,3,99.7159904877697,0.0464208248203715,-5733.48408362996,-765.81259230245
"410",410,4,121.704379751272,0.00604887993053364,-5714.0928123526,-790.308384434269
"411",411,5,179.163943809279,0.00606979933513551,-5688.24350883712,-834.765835943464
"412",412,4,185.750516256505,0.0042291041596509,-5723.83765921969,-784.035006385489
"413",413,4,169.180691781668,0.00378976266278169,-5707.40648782554,-798.738346730304
"414",414,4,166.90735289714,0.00138725272847696,-5713.241742299,-795.724374112576
"415",415,4,244.004162964532,0.00284376374008081,-5716.47594102741,-789.44866571047
"416",416,4,153.541248388418,0.00508495477197951,-5705.82221571962,-796.468007338603
"417",417,4,127.415660470752,0.000585981555645986,-5719.82768550783,-788.912646397208
"418",418,4,198.046870825123,0.00680028385440627,-5716.20042038374,-791.71907779338
"419",419,4,139.095634607616,0.00463662269280745,-5719.64913081541,-785.381485226217
"420",420,4,118.260461067725,0.00629206951881249,-5711.37106249358,-792.04956889691
"421",421,4,240.802773069635,0.00199969129664632,-5718.57382846552,-788.704007415413
"422",422,4,163.740892227493,0.00430854475534247,-5712.25114595767,-791.131675540383
"423",423,3,87.6761948178555,0.0475791037881868,-5724.67948672334,-777.576560831682
"424",424,5,144.496479988761,0.00597062755322242,-5706.90438911978,-813.173971498829
"425",425,4,208.575829010137,0.00160394588159166,-5715.02981122736,-797.818757319549
"426",426,4,156.333958116856,0.00487927639431847,-5723.87016359494,-785.461049902378
"427",427,4,160.100088631047,0.00474423048399473,-5716.58661794588,-791.564517801926
"428",428,4,138.687745353052,0.00512449976492317,-5719.22983666298,-794.820100513224
"429",429,4,218.724508897089,0.00402639208932875,-5712.19071401134,-797.962754081908
"430",430,5,220.559343160597,0.00135224881137273,-5615.52303672697,-900.817925669264
"431",431,4,276.314328874757,0.00187977181636693,-5711.90068676467,-802.202223187945
"432",432,4,191.991195643753,0.00283562349469414,-5716.85720692624,-787.758143091513
"433",433,4,170.061126253745,0.00148277525996558,-5719.94946745594,-790.242221223573
"434",434,4,291.331711179398,0.00904569076020398,-5719.42097568721,-797.576710566029
"435",435,4,159.66416547889,0.00201054980943314,-5710.51329762062,-799.193569237132
"436",436,4,181.60865412918,0.00408060931294185,-5707.66539931515,-796.775289910108
"437",437,4,159.898347183458,0.00405131233419046,-5716.05081507704,-793.716643366056
"438",438,4,177.630078481777,0.00196438774599473,-5713.34038573352,-790.345902034422
"439",439,4,216.115310031518,0.00435739743394849,-5718.72789411635,-786.874376246687
"440",440,4,96.4754401307958,0.00690793970501095,-5713.62091802317,-797.624741740677
"441",441,4,166.339197121895,0.00581578898771897,-5714.67534444718,-793.07748548054
"442",442,4,192.289889996276,0.00449515322783482,-5719.04843662254,-787.487363834859
"443",443,4,146.623338259965,0.00472192829170034,-5714.88572737125,-791.271507587387
"444",444,5,188.806781484552,0.00487705230315435,-5615.42417465441,-898.882796801566
"445",445,5,227.672406532994,0.00126746204005918,-5607.78540167201,-909.524427383805
"446",446,5,161.626637985923,0.00715532607462517,-5606.93986527739,-898.243359048054
"447",447,5,169.560433607488,0.00319640125207886,-5621.14308987402,-897.816661637119
"448",448,5,168.528887955661,0.00323786935775898,-5615.64746740195,-895.65142086876
"449",449,5,176.282811032364,0.00338343084750873,-5603.9463251108,-904.734613181449
"450",450,5,204.810049596273,0.00472867428241008,-5609.89059761432,-904.435162209172
"451",451,5,150.060261830337,0.00944825069125044,-5609.75456731429,-899.106020712441
"452",452,5,254.031331480364,0.00559797075515684,-5610.39715230804,-903.14850279978
"453",453,5,265.443205979977,0.00237070409912089,-5620.19051697221,-902.934673002832
"454",454,5,226.92283549127,0.00162920546616728,-5617.3079168701,-904.123956486115
"455",455,5,238.080977971856,0.00188172837334172,-5610.29627128597,-903.872613450541
"456",456,5,169.496864204085,0.00458266219408476,-5613.33627147089,-897.048708978921
"457",457,5,70.7355995293609,0.0406682800499823,-5524.8591409351,-986.443024631377
"458",458,6,91.3203430385296,0.0041902517123504,-5509.70827221128,-1015.41110376895
"459",459,5,228.229384051184,0.00524180578687621,-5607.9458170599,-900.381153079727
"460",460,5,165.199257527743,0.00267665116441677,-5611.84066887322,-896.002184102376
"461",461,5,183.717477823019,0.000802360127549608,-5612.97288138585,-904.142312045552
"462",462,4,102.468556804076,0.0430964050583792,-5625.80734917473,-886.233829251932
"463",463,5,169.823291650231,0.0057244060555909,-5610.66860123019,-899.290203362108
"464",464,5,171.628519998771,0.00652774867431184,-5601.16986412566,-908.853232822304
"465",465,5,185.07834221521,0.00547144438343868,-5614.81712258121,-892.579238550546
"466",466,5,203.648209600401,0.00581128544928557,-5610.69319267802,-896.274596317036
"467",467,5,214.392906281363,0.00225602300422549,-5608.17980736289,-903.486681544187
"468",468,5,280.297697530153,0.00263640041417134,-5614.88597674181,-897.159457935277
"469",469,5,134.826808238951,0.00105404698208405,-5602.31544801089,-907.313023889607
"470",470,4,91.0280585854704,0.0369705613264708,-5629.12118434008,-871.268084957457
"471",471,4,102.873005924365,0.0443007345170407,-5632.91736655248,-869.976788667923
"472",472,5,177.9379727167,0.008047074182441,-5607.29441755612,-903.161663541541
"473",473,5,135.799259548067,0.00327359197157111,-5610.33224476372,-900.26038560261
"474",474,4,207.901131330283,0.00481562990299484,-5726.14254329296,-786.056638951187
"475",475,4,178.26403794259,0.00548646039549517,-5711.23393549994,-792.302868918914
"476",476,4,204.551541233093,0.00172242192173556,-5714.53702767459,-794.457395730651
"477",477,4,184.886730889057,0.00290849055948496,-5715.26724418328,-788.666546169144
"478",478,4,156.134609971708,0.00459492502890675,-5714.77204623742,-790.111098270375
"479",479,4,136.547761089937,0.00720338636079889,-5707.50861088974,-800.143863762467
"480",480,3,105.542761423171,0.0285971670047418,-5736.66677428469,-765.36770642919
"481",481,5,178.18852870429,0.00466392248099327,-5665.14545919744,-851.110248474129
"482",482,4,162.847241331488,0.00513549720171398,-5713.10190826203,-790.056187803051
"483",483,4,194.993864149254,0.00304780342006482,-5711.97838601927,-791.154336313616
"484",484,4,179.941698690083,0.00375207211072559,-5707.94585144295,-796.423233794624
"485",485,4,165.245545157411,0.00298512218039789,-5714.42910130552,-796.445962021645
"486",486,5,127.365152818387,0.00619941847042822,-5612.79213620396,-894.126071131154
"487",487,5,191.046462312003,0.00312132178919458,-5612.39822205865,-894.758760466526
"488",488,5,157.10404509277,0.00650657401297192,-5607.93396705309,-899.33858594171
"489",489,5,143.700860850299,0.00276996172532387,-5610.97617624969,-895.011222672483
"490",490,4,118.547906395623,0.036528693628576,-5632.76174380198,-871.08057555479
"491",491,5,100.073276996727,0.00429405787882822,-5628.2640140469,-888.389119300528
"492",492,5,146.141359742552,0.00581291376807706,-5609.74093890485,-898.356114550585
"493",493,6,166.837842058876,0.00324290275407944,-5600.7808078379,-919.320893495583
"494",494,5,184.333487160046,0.00781776509076846,-5611.16929803351,-900.111859027359
"495",495,5,124.418864254681,0.00376388732331253,-5611.41595879294,-898.470706646426
"496",496,5,221.017463567935,0.00133768536741775,-5617.45199795226,-900.697174211108
"497",497,4,174.390444025077,0.00499088396466233,-5713.97581050342,-791.116411296424
"498",498,4,201.939202516116,0.00380222573880499,-5718.39183839231,-789.05163603681
"499",499,4,199.605601963728,0.000854537016919684,-5724.91957343581,-788.660937824634
"500",500,4,138.781701246415,0.0033105177101017,-5722.38401240834,-787.340866111457
"501",501,4,141.347888017077,0.00226669496819767,-5723.39703409685,-786.897502707999
"502",502,4,225.961768206071,0.00272515661135683,-5719.24313721976,-790.327081831636
"503",503,4,208.361143156898,0.00202276756432384,-5715.59083794629,-797.402025738672
"504",504,4,176.301896229487,0.00262878788913117,-5714.09289469461,-790.058773195206
"505",505,4,191.261996099265,0.00784823766042136,-5722.32678771417,-798.088271428263
"506",506,4,195.986066918437,0.00654863383286347,-5712.72270100442,-796.398440049021
"507",507,4,164.931921856477,0.00211730804096342,-5712.62467010952,-790.20238811463
"508",508,3,78.9990779346047,0.0401518545677046,-5734.54220911456,-769.225920212352
"509",509,4,182.708276195629,0.00594845686662411,-5717.16917912528,-793.644821117363
"510",510,4,167.862263907623,0.00318409010325627,-5722.34009948612,-788.643026496667
"511",511,4,202.864168224797,0.00492615770315834,-5712.23471156076,-792.263293040783
"512",512,4,112.87079569796,0.0247326734271114,-5451.66792987985,-1054.65672184866
"513",513,4,106.555118536013,0.0271696868401336,-5441.42406545063,-1061.464666969
"514",514,5,166.293299440841,0.0115975977668383,-5423.67808022038,-1087.99955428008
"515",515,6,186.590101990559,0.000830475702533234,-5317.31034998167,-1197.54432985022
"516",516,6,160.616374797038,0.00398939128177413,-5336.32481145466,-1183.87189753254
"517",517,5,96.7169153888557,0.0377317642178674,-5344.28385057187,-1165.42495738509
"518",518,6,142.686730424773,0.00333062423553625,-5316.55717104225,-1196.68926247301
"519",519,6,191.332288221577,0.00352848128344541,-5323.08637219706,-1186.80910941803
"520",520,6,130.77381202923,0.00276743032263951,-5355.23453913321,-1166.46413558096
"521",521,6,147.419212309307,0.00460246983288941,-5326.53443086744,-1187.95104305402
"522",522,6,154.120717383961,0.0080080921432282,-5328.18080436271,-1187.60082730242
"523",523,6,116.57359375583,0.00398062906689182,-5326.09193295115,-1182.18849626924
"524",524,6,149.514422663556,0.00322070750165199,-5316.21966587355,-1195.31046397442
"525",525,6,147.353312104033,0.00283892468844931,-5319.15091223362,-1200.01533702166
"526",526,6,141.768078645698,0.00463842857408756,-5323.40635988947,-1189.50122721433
"527",527,6,112.640354196136,0.00675581954449372,-5327.70214742264,-1184.87725949711
"528",528,6,129.084321830861,0.0075490180416928,-5326.47508403175,-1185.56491848432
"529",529,6,175.460601971582,0.00438176338707883,-5321.30649541452,-1186.8205483343
"530",530,5,102.011778727807,0.0352131652853532,-5337.14516685785,-1169.89212725109
"531",531,6,176.327373753412,0.0040280648846779,-5326.59035186298,-1189.24662527567
"532",532,6,175.960483241187,0.00848901798927126,-5324.12537298838,-1192.07961649938
"533",533,6,176.347872538791,0.00452838774620185,-5322.38235391518,-1193.44221781398
"534",534,6,172.846904590881,0.00617390978094358,-5313.54904548304,-1197.29253177659
"535",535,5,97.3302214115428,0.0403940462780115,-5342.53030361241,-1164.10639524026
"536",536,4,100.590235353673,0.0458498898221603,-5444.19685151648,-1057.33642305655
"537",537,5,160.072888178992,0.00586598654736996,-5423.77895264308,-1083.02436414993
"538",538,5,189.074963074923,0.00315826574504231,-5429.68839625984,-1077.29726923084
"539",539,5,237.327923293781,0.00616624484352087,-5420.72591157632,-1087.55913501608
"540",540,5,189.738880061766,0.00693410366955816,-5427.90323579704,-1082.43565351254
"541",541,5,169.722891314926,0.00240818894598156,-5427.172363099,-1078.25954369098
"542",542,5,199.802367040292,0.00477559815077637,-5418.68796529971,-1091.44124028885
"543",543,5,161.905426430397,0.0059520536209405,-5417.14778817963,-1103.48055661581
"544",544,5,196.364813352253,0.00218679430952571,-5423.43563625105,-1085.63390983615
"545",545,6,99.9398323905681,0.00368142182384245,-5405.23346862079,-1115.37192373349
"546",546,5,146.223071783963,0.00461885688054761,-5427.67455819499,-1085.18428262774
"547",547,4,210.880514825627,0.0058271746126273,-5501.43619362035,-1006.99233738981
"548",548,4,171.3582624805,0.00613155888413962,-5505.74515140944,-1002.29115308282
"549",549,4,276.368463445792,0.0030067297993913,-5495.17181847692,-1013.64259799989
"550",550,6,146.199834679285,0.00445831262467501,-5360.97613413125,-1161.38712003024
"551",551,6,188.697104996755,0.00738343255322786,-5342.84949017248,-1174.34164184598
"552",552,6,125.814464547526,0.00447159387647234,-5319.13704928179,-1195.08676643646
"553",553,6,196.662348714219,0.00272062290262444,-5327.28909363716,-1187.36051400039
"554",554,6,241.949674538634,0.00275625707938371,-5329.16963621189,-1190.90768000533
"555",555,6,194.448068840229,0.00748586470281853,-5324.96082426585,-1187.27623673431
"556",556,5,102.483014728761,0.0421122625147537,-5344.11803601691,-1165.86040938634
"557",557,6,153.023457982803,0.00527440621006911,-5322.64966672947,-1192.70799623205
"558",558,6,157.82461375818,0.00370499754516961,-5308.21760281201,-1204.42049271812
"559",559,6,144.745705696404,0.00182702987984221,-5325.47842715827,-1183.06942808659
"560",560,6,133.039004321993,0.00479488561140379,-5319.66231531903,-1185.92024881024
"561",561,5,111.974615492761,0.034862116368203,-5354.35983802076,-1157.57297850221
"562",562,6,150.236000494609,0.00379816690511067,-5331.21343013466,-1177.23515168351
"563",563,6,113.197347991352,0.0031806089292078,-5341.91569391083,-1178.46011629366
"564",564,6,219.742240298302,0.0057313062465097,-5335.88985905327,-1183.59788282902
"565",565,6,182.080755551787,0.00429983708296571,-5330.14765310331,-1186.65617864479
"566",566,6,142.854455040936,0.00304911276896314,-5324.8488290921,-1182.12123101069
"567",567,6,109.248666060682,0.00708768866552456,-5332.34398641655,-1178.52431875369
"568",568,5,92.2747370554447,0.0362780830529478,-5336.2694247544,-1166.75971713992
"569",569,6,102.690339223062,0.00303132366049517,-5321.8687083115,-1188.34378648687
"570",570,5,94.5036014697611,0.0382091456225057,-5341.5142098313,-1162.66379223405
"571",571,6,119.129699735776,0.0102445120339398,-5314.99545837815,-1203.39763968424
"572",572,6,171.46259676508,0.0018651792161425,-5332.33271650968,-1183.26643375913
"573",573,6,201.670770507378,0.00126995835669061,-5325.08762558297,-1194.49694526531
"574",574,5,193.194224417474,0.0047173683744952,-5396.7580637572,-1115.99765146032
"575",575,5,148.610514436263,0.00127881715762192,-5390.59971069641,-1118.60861301834
"576",576,7,157.691828764769,0.00454966388900607,-5115.93579320013,-1407.93663140956
"577",577,5,188.70378220574,0.0039516633378611,-5402.36142380728,-1107.6742523424
"578",578,5,173.404976578498,0.00401774792620706,-5401.90496966773,-1107.26068220706
"579",579,5,159.120039985215,0.0018976077903978,-5400.14285408636,-1103.55676325335
"580",580,6,227.129818557535,0.00901386649445421,-5325.18702483032,-1190.44278941401
"581",581,6,131.559396526363,0.00408842415130254,-5333.44161410973,-1177.78146022165
"582",582,6,157.822578483086,0.00429346934601283,-5319.59867025956,-1185.82684384072
"583",583,6,136.577288317036,0.0042574552302816,-5323.84682631292,-1186.32602268092
"584",584,6,203.73860205066,0.000482945841000876,-5331.71770260916,-1182.30507259043
"585",585,6,161.56326436234,0.00390348036657795,-5319.8253364831,-1190.71773214895
"586",586,6,101.737514007566,0.00179058177848807,-5323.29733773603,-1190.62352319271
"587",587,6,159.638159347558,0.00391510346605789,-5323.61261361784,-1183.85424281345
"588",588,6,174.577981426724,0.00157182265896479,-5318.62488461563,-1195.61000507995
"589",589,5,93.8147087006751,0.0404712354062551,-5339.91725745127,-1164.80461825283
"590",590,6,192.678032750468,0.00262774495082731,-5323.83590753126,-1190.62079085419
"591",591,6,208.642251928956,0.00369745849587676,-5327.84969407321,-1187.40776491383
"592",592,6,164.111938991251,0.00223194357681113,-5318.98126895763,-1197.57956633591
"593",593,6,159.604859747117,0.00208556330246635,-5320.91601561139,-1196.79644768686
"594",594,6,187.48161318951,0.00662718837267616,-5326.44399493514,-1183.35996902783
"595",595,6,166.900997357503,0.00148883984310975,-5332.79019365308,-1187.84943089302
"596",596,7,149.810357740886,0.00626421673813428,-5306.05971081098,-1219.5863771792
"597",597,6,140.84553979177,0.00330025122017684,-5312.94455921934,-1193.80475595637
"598",598,6,144.059531608589,0.00285017156664247,-5324.76815840566,-1187.88668729182
"599",599,6,176.292393551902,0.00039720914607146,-5332.23950044758,-1185.52900551509
"600",600,6,161.178612462832,0.00544619586653131,-5322.65913830107,-1186.4742293851
"601",601,6,149.462585200472,0.00417928003213887,-5324.24053613971,-1188.01125907817
"602",602,6,122.014219087085,0.00323290345363393,-5331.81340404341,-1183.42079960996
"603",603,6,144.970455451073,0.00125991504440732,-5324.45528107158,-1183.44797982216
"604",604,7,167.012277688675,0.00708821794296794,-5304.13495903408,-1214.85618002503
"605",605,6,156.058406715133,0.00353274046708223,-5329.33359403461,-1187.89661378508
"606",606,6,205.746280230611,0.0023356166771299,-5324.13059280431,-1189.61675727751
"607",607,6,170.092657872716,0.00370119354015321,-5321.93377037522,-1188.64147848972
"608",608,6,191.556523430663,0.00193504558646451,-5311.42911549907,-1196.15874015847
"609",609,6,245.450321324246,0.00131166039577071,-5341.38005208477,-1184.77433841026
"610",610,6,152.931919292889,0.0017698055812298,-5321.08691803834,-1183.572668531
"611",611,6,188.544791796159,0.00262774326203712,-5322.52325268815,-1185.75979985853
"612",612,6,171.894240642876,0.00475731405636962,-5311.95027565324,-1195.52232487156
"613",613,6,171.9902582476,0.00849214851104176,-5334.69515743702,-1181.72038439283
"614",614,6,165.405366318616,0.00297892181243429,-5318.52126745183,-1195.85370969949
"615",615,6,136.614032492704,0.00394050293905074,-5316.09136030083,-1196.9189838138
"616",616,6,200.443940273402,0.00368614632549954,-5328.13435807722,-1187.73214953169
"617",617,6,207.114587806361,0.00268611161257135,-5317.600198174,-1194.83615948145
"618",618,6,150.69968575362,0.000528072456478891,-5323.26921613597,-1192.92896303697
"619",619,6,216.624201443169,0.00283183235819125,-5320.43704232157,-1187.83441993187
"620",620,5,118.150800855296,0.0536541762651423,-5342.06274710955,-1166.43166408982
"621",621,6,236.095804073842,0.0072668902240944,-5326.877723912,-1189.29222515195
"622",622,6,233.153874623833,0.00214240148667731,-5316.70583426236,-1206.35577716398
"623",623,6,210.414936195474,0.00393469297351245,-5328.49232486556,-1192.31181260035
"624",624,5,178.283374156752,0.00213595249772896,-5405.01557811871,-1112.87912998351
"625",625,5,218.564843602088,0.00249167766868056,-5394.27967205208,-1115.16859748394
"626",626,5,246.103358247538,0.00396515384908485,-5398.83461934138,-1111.52685093349
"627",627,5,144.718890190972,0.00328776256994644,-5403.78713757311,-1111.03805904081
"628",628,5,143.803440529955,0.0050277163373564,-5396.99477876439,-1113.45153780442
"629",629,5,129.702144245861,0.00635672140786543,-5399.25849580406,-1109.97706164983
"630",630,5,223.83745584926,0.00521315685129974,-5400.20718741973,-1111.08793181678
"631",631,5,182.130765738537,0.00831483519007365,-5403.63810217961,-1108.49270537989
"632",632,5,165.333143533967,0.00229688415110173,-5393.36569483246,-1114.90357522353
"633",633,5,184.21053594413,0.00472615364140913,-5402.31172454866,-1111.1601360569
"634",634,5,168.249176042805,0.00860024758324173,-5399.43168420269,-1114.68574750969
"635",635,5,202.368618248785,0.00425845786448651,-5399.86825482387,-1107.75718112693
"636",636,5,137.847030710963,0.0426895936804394,-5343.40948143687,-1165.81407690974
"637",637,6,215.200551570358,0.0042051996120703,-5317.63896000595,-1202.42628278842
"638",638,5,192.447952831401,0.00793066534308466,-5423.50066608954,-1085.71552896645
"639",639,5,296.992861578243,0.00441262664693588,-5428.31876210774,-1092.83877523254
"640",640,6,116.352640258651,0.00377378218791023,-5317.54181877751,-1195.4913188048
"641",641,6,171.674055002504,0.00376615459892144,-5335.90483497657,-1183.84025798161
"642",642,6,137.836922902032,0.0101734809929816,-5333.04114720352,-1183.54398866589
"643",643,6,135.722235992214,0.00101708325738159,-5313.67622905148,-1196.64670590487
"644",644,7,168.668535057511,0.00314706801527011,-5325.56696983695,-1204.62225001557
"645",645,6,181.609822006749,0.010950067663023,-5322.78684632315,-1194.51965914516
"646",646,6,179.592462566209,0.00597080588456811,-5324.93007126734,-1182.8592747115
"647",647,6,167.178087607864,0.00242402107948124,-5327.19305928576,-1186.02044080261
"648",648,6,159.256311782623,0.00356757025689522,-5326.42951860881,-1188.65047007942
"649",649,6,189.857544607128,0.00691703821333553,-5323.57561985547,-1185.7727900758
"650",650,6,114.924939670009,0.015684801660704,-5315.67947251534,-1197.64424369653
"651",651,6,186.97670295449,0.00784868850890809,-5322.02638132545,-1192.21649133359
"652",652,6,141.080578871267,0.0028966798920566,-5310.69298212796,-1200.19747033567
"653",653,6,179.91031635191,0.0011965489215543,-5328.02988551034,-1186.96676864979
"654",654,5,137.587625561437,0.00789483509496884,-5416.40016345736,-1091.95949383184
"655",655,5,144.486835977528,0.00691679848521931,-5422.5693251095,-1086.22017362533
"656",656,5,155.623136239238,0.00316397369288093,-5430.90419538394,-1076.72551462221
"657",657,5,228.478736271883,0.00435455942963661,-5426.83835316396,-1085.72689967438
"658",658,5,166.643484424338,0.00279177273836635,-5421.08037240599,-1093.20438026086
"659",659,5,184.44170236212,0.00528852454288671,-5426.99253565098,-1082.49680152464
"660",660,5,196.881864667613,0.00390639409337618,-5431.69003922633,-1079.86067299566
"661",661,5,176.810902381891,0.00292223327360074,-5414.94231024001,-1091.68860391131
"662",662,5,235.377186710515,0.004045715189537,-5429.60417584738,-1081.0619212884
"663",663,5,216.196999139591,0.00250470112316665,-5425.32576653858,-1080.32655427423
"664",664,5,163.912416977396,0.00419147845306534,-5428.47425698206,-1082.7868964613
"665",665,5,245.230145753788,0.00176780070436956,-5427.32411913818,-1083.20722942377
"666",666,5,250.179403157341,0.00168873446609301,-5431.05771860607,-1082.5080601095
"667",667,4,191.363561131732,0.0114887646308805,-5500.10046148533,-1006.16164120511
"668",668,4,205.516396097228,0.00301995396414383,-5502.71436801022,-1003.29901783765
"669",669,4,142.418857258173,0.00250626053624085,-5505.97052294774,-999.145178603178
"670",670,4,213.309846267342,0.00456372321320074,-5504.08626628201,-999.402797122775
"671",671,5,165.966751218349,0.0024716362094607,-5422.30119183897,-1087.34308588104
"672",672,5,106.754288038565,0.00745129539490728,-5422.71729195098,-1088.69838023407
"673",673,5,136.09161879589,0.00393277978629556,-5426.25177746338,-1084.15566630019
"674",674,5,130.467169232014,0.00597116365007131,-5432.20941277071,-1084.18120870477
"675",675,5,197.725997759618,0.00334342936791477,-5419.19813361744,-1090.43922329504
"676",676,5,124.094638545455,0.00555417263709986,-5429.77364408986,-1081.26427860482
"677",677,5,110.347147950649,0.00880490151067191,-5433.17865716125,-1079.93134493177
"678",678,5,129.67623769828,0.0038170078366954,-5422.41673683849,-1083.36336197806
"679",679,5,170.473999722718,0.00368742051132115,-5436.91302401799,-1075.10445872003
"680",680,5,110.281230612782,0.00414549815064098,-5417.34266615819,-1092.7015691448
"681",681,5,135.70995237341,0.00118093977798384,-5421.48437211884,-1088.62893778341
"682",682,5,141.201992352234,0.00342403135340268,-5440.3539242807,-1080.59539614134
"683",683,6,130.156174199485,0.00124168344762748,-5181.46612374126,-1336.51111878061
"684",684,6,125.182991172032,0.00308759320556131,-5179.31984394022,-1338.56675864237
"685",685,6,194.218389247774,0.000849383328993359,-5186.63635817411,-1332.98947908066
"686",686,6,132.057066688051,0.00506299947476992,-5158.8201571957,-1361.58470666996
"687",687,6,124.279549497527,0.00499829786274939,-5156.68985215128,-1355.49259353128
"688",688,6,150.491292701153,0.00343473377151872,-5149.08019670733,-1373.79933185478
"689",689,6,143.983395193615,0.00301490901616855,-5158.16269452679,-1357.80255612963
"690",690,6,163.272705629427,0.00292233477014013,-5160.4711701687,-1360.91621298359
"691",691,6,134.994824345478,0.00283745077779679,-5185.26665808065,-1337.61206860695
"692",692,6,135.547659357259,0.00619248702609835,-5188.65385767573,-1329.10696043878
"693",693,4,103.366794927892,0.0367932646197407,-5441.297221834,-1061.85951781575
"694",694,5,186.082662941656,0.00592950193898386,-5424.54259739952,-1081.41640894273
"695",695,5,142.793276004439,0.00359514703792767,-5430.5051215298,-1079.39887881921
"696",696,5,162.279121586454,0.00455277838739411,-5428.06321472469,-1081.86779111259
"697",697,4,96.9319044389884,0.0446603090970606,-5448.63428211212,-1059.24086212477
"698",698,5,148.169174645667,0.00117652358835832,-5423.1134821149,-1083.62473803158
"699",699,5,143.470252468356,0.00133069896773819,-5426.49671657425,-1086.93487088732
"700",700,5,155.126262652124,0.00461240615726975,-5426.91784729404,-1086.77789712969
"701",701,4,175.882753260067,0.00384691709435331,-5499.9120645575,-1004.00459905985
"702",702,4,146.255912414042,0.00310992902244168,-5504.85761756027,-1002.28626598726
"703",703,4,155.813093285846,0.00335761133466855,-5507.27524102219,-1003.45692424635
"704",704,4,226.311658356349,0.00135334542141534,-5500.06551307993,-1004.56137895875
"705",705,4,177.671564413653,0.00837016938138723,-5502.88846745912,-1006.4186069616
"706",706,4,160.374589722347,0.000784779419466025,-5496.37556937137,-1014.09376656573
"707",707,5,275.801948573165,0.00215412255139234,-5412.50371137178,-1112.51353913271
"708",708,5,197.271356166365,0.00369772138484464,-5401.04075030947,-1109.7534443656
"709",709,7,113.798965104432,0.00658120397118732,-5313.88468295989,-1215.86090887566
"710",710,6,125.518638780729,0.00360017778399346,-5323.31659936134,-1187.58692669265
"711",711,6,163.571819170503,0.00279168285453524,-5321.87485365894,-1185.61782690759
"712",712,6,175.971974805023,0.00491119310051141,-5326.57804722592,-1186.45328037888
"713",713,6,161.164902901877,0.00377806677924342,-5326.17705120505,-1190.88739851684
"714",714,6,194.393941787753,0.00226239068092206,-5321.78303094445,-1186.64938022453
"715",715,6,132.410357164267,0.00658663560004823,-5324.63281780908,-1190.09299228293
"716",716,6,231.17947748076,0.0041552678748837,-5321.19706317319,-1192.97670631061
"717",717,5,92.2327344408844,0.0391049078666791,-5330.28628439499,-1169.85844506042
"718",718,6,129.294985806377,0.00472918926259313,-5318.00969196933,-1191.70730272324
"719",719,6,160.665721446585,0.00178647752819486,-5328.10417514478,-1188.6704703412
"720",720,6,149.90468632309,0.00613346030289987,-5334.36690568215,-1181.20228434548
"721",721,5,99.2455595717978,0.0400621384056625,-5339.70403871301,-1163.81612953703
"722",722,6,192.337988444857,0.00361297785007214,-5329.75525095761,-1186.54261169913
"723",723,6,117.934289041622,0.00199449595894856,-5325.40635775236,-1184.92640117644
"724",724,6,119.808523879496,0.00505617258462283,-5320.39371743906,-1184.78022418377
"725",725,5,92.954243375608,0.0433699489516985,-5340.18875524793,-1164.7614395602
"726",726,6,236.876320389619,0.00189069589894044,-5321.15797062349,-1196.3481833429
"727",727,6,195.764409606186,0.00684414323149107,-5325.72690205523,-1190.65480194923
"728",728,6,134.420013227774,0.00151487528886155,-5325.39580704205,-1187.63957582865
"729",729,6,108.339060643271,0.00347601236843368,-5327.80154031402,-1186.63258098609
"730",730,6,168.692999274053,0.00327039774129295,-5316.2586923443,-1193.54645234892
"731",731,6,200.809373526004,0.00165033699260442,-5318.99811025804,-1203.71835296586
"732",732,5,92.9974246956368,0.0310961507993862,-5338.76424354436,-1168.47456949484
"733",733,6,140.805981429687,0.00576033359812218,-5322.62675376191,-1187.89512747789
"734",734,6,135.829561198562,0.0025468920172814,-5320.69124199022,-1187.95471207736
"735",735,6,221.93467640776,0.00441255343677859,-5326.69081064939,-1189.825824074
"736",736,6,227.064440026219,0.00408083422144708,-5325.23739506991,-1191.96158431629
"737",737,6,242.625508736067,0.00331869468042436,-5325.3630613451,-1187.0394381168
"738",738,6,155.44102023144,0.00596720618826667,-5322.42700488968,-1184.57909577392
"739",739,6,158.292471400422,0.00354982009721493,-5318.36236980796,-1185.39939485808
"740",740,6,185.272670136548,0.00407541917446575,-5322.05501657035,-1191.65769300147
"741",741,5,93.2493920329239,0.0345861044314704,-5343.43911648146,-1163.71990594367
"742",742,6,231.769538897343,0.00260200567854908,-5324.09886437945,-1189.98783697066
"743",743,6,171.842019258141,0.00491241939102617,-5320.19493474781,-1195.66605532195
"744",744,6,167.188004947793,0.00576450868182827,-5324.96377279669,-1185.54978337873
"745",745,6,168.164896519035,0.00550751449381817,-5320.09382402812,-1190.46712946401
"746",746,6,198.368675478251,0.0043184037536604,-5323.8987423619,-1192.09105704604
"747",747,6,213.268110408485,0.00563978816957328,-5330.92467569755,-1198.55655397613
"748",748,7,143.478772638774,0.00639342652934867,-5318.38624486155,-1212.82237103192
"749",749,6,131.806378424191,0.00248146682709087,-5321.06111121242,-1189.63816993812
"750",750,6,212.95548016492,0.00456138367649693,-5322.40720159674,-1189.4382163292
"751",751,6,142.236872380875,0.00660329054281452,-5329.80450469831,-1184.7379967334
"752",752,6,197.396250479447,0.00289751157437944,-5331.61236682202,-1189.37580726449
"753",753,6,167.744004375938,0.00407714094926317,-5326.90193645281,-1181.48614411879
"754",754,6,138.65066050822,0.0076730170497906,-5323.40477058803,-1186.34519262578
"755",755,4,83.4381024155056,0.0419572804964607,-5446.11280942429,-1061.89096540157
"756",756,6,131.658440214973,0.00108477525438152,-5390.06533688723,-1129.72178301553
"757",757,5,120.504664532811,0.00508403884679703,-5429.23559228765,-1080.89090686218
"758",758,5,195.772863551172,0.00233510619323646,-5423.24591676334,-1084.12449856364
"759",759,6,191.869920909104,0.00589253538655823,-5322.58181486558,-1189.78468210769
"760",760,6,193.216715186616,0.00445579010320561,-5328.81022612515,-1193.41834982804
"761",761,6,146.649777169388,0.00301471105341704,-5329.36839194378,-1185.45011539698
"762",762,6,249.943467188725,0.00364657814680532,-5325.72928104753,-1189.01840785111
"763",763,6,113.15174594523,0.00317995536950139,-5314.52655062437,-1191.14236977663
"764",764,6,152.838215130885,0.00472591222072647,-5328.69291832454,-1188.53282478017
"765",765,6,162.50675857862,0.0079765504519682,-5321.30157027833,-1202.72350988636
"766",766,6,272.961022626324,0.00193714761501072,-5329.40247678044,-1188.10203669956
"767",767,6,182.432982819779,0.00606037839219945,-5322.84783850344,-1188.29152309762
"768",768,6,157.906585266403,0.00443564171665631,-5324.90925624561,-1186.89966982873
"769",769,6,226.828068401448,0.00225250826017685,-5325.12310067861,-1189.79246412849
"770",770,6,196.679959032902,0.0022212559269267,-5318.74741854123,-1195.31684878915
"771",771,6,211.388130014198,0.00237310542889924,-5322.44733366917,-1191.13036234199
"772",772,6,257.227813615153,0.0055341011305374,-5325.96601662847,-1192.48715154896
"773",773,6,129.927069510166,0.00423490312354374,-5326.7507612758,-1185.77599521804
"774",774,6,224.913537711044,0.00401407139487512,-5327.16375821909,-1191.97397312535
"775",775,7,152.708985703488,0.00426040608566677,-5302.51445948919,-1215.13464700116
"776",776,6,167.348939645447,0.00422122434943436,-5325.30050369597,-1189.56829316973
"777",777,6,152.446536036718,0.00861000675167924,-5313.00799180224,-1202.4059284559
"778",778,6,170.071487574543,0.00795306545182201,-5324.23243610744,-1184.1404010206
"779",779,6,179.814056872894,0.00422687519131437,-5336.74150900078,-1184.0675320615
"780",780,6,138.61800938847,0.00572422455446801,-5317.31932833499,-1196.41167679734
"781",781,7,175.21854094807,0.00355500385726122,-5308.31150363017,-1217.68148071539
"782",782,6,205.817324220864,0.00617694428991059,-5329.14256978181,-1188.97132668136
"783",783,6,162.685604869841,0.00378536410454179,-5335.00419913972,-1174.08214160786
"784",784,8,112.18655695089,0.00330568867287708,-5090.29190196203,-1432.87943985984
"785",785,7,114.350735068595,0.00265863851485396,-5163.32869153361,-1354.22780894445
"786",786,7,117.772891325085,0.00276964508692964,-5156.84459983578,-1357.3683062369
"787",787,8,117.231190085315,0.00202821561247699,-5118.67331119495,-1404.5936540779
"788",788,8,148.545848042691,0.0029935285009649,-4864.97439009309,-1655.77010967459
"789",789,8,108.072923110596,0.00107391449361161,-4873.36993673269,-1644.78216420373
"790",790,7,149.011527334925,0.00494500451199953,-5042.47532379603,-1478.59767727214
"791",791,7,137.411777602299,0.00485575802213269,-5014.67312301477,-1488.90084820064
"792",792,7,156.259576385553,0.00130499091351298,-5038.92097616994,-1471.8207318918
"793",793,7,155.894322245415,0.000688964422084467,-5034.60844771978,-1478.08755629365
"794",794,7,151.573794467744,0.00336265868858549,-5025.21096366229,-1485.32001605041
"795",795,7,227.970702820675,0.0067953222327007,-5023.67288749996,-1488.79030367345
"796",796,8,138.972298261697,0.00237128676829068,-5011.78918223544,-1517.49429609968
"797",797,7,159.688331452353,0.00617509574843643,-5032.78406637119,-1494.66563820662
"798",798,7,139.841836654607,0.00452125769620724,-5037.67309731719,-1476.85124794261
"799",799,7,173.852882810564,0.00790919328763218,-5042.02606528176,-1484.64543547937
"800",800,7,106.026906117341,0.00491648933662985,-5034.2310375316,-1480.9429319708
"801",801,7,142.867334917069,0.00132555516999371,-5047.14380673772,-1463.56192427188
"802",802,7,102.972849375193,0.00101357311941622,-5032.54064714393,-1486.25047978126
"803",803,7,169.951168333495,0.00240122732173094,-5061.92910788625,-1461.43453456616
"804",804,7,145.851750602664,0.0022981601905332,-5039.60085372652,-1475.04020163925
"805",805,7,142.061271887855,0.00476264964989317,-5035.24849733582,-1472.93785560681
"806",806,7,152.306714779688,0.00844490399488287,-5045.24226477821,-1473.40162789876
"807",807,7,147.444267135892,0.00560269598840083,-5054.20542162343,-1462.67038369946
"808",808,7,167.992179546617,0.00747265400612987,-5036.42206348046,-1473.49419023844
"809",809,7,137.710620060112,0.00389410186945821,-5039.41422321739,-1472.37566293782
"810",810,6,156.095035949381,0.0496547695106777,-5051.49110775852,-1465.70481355393
"811",811,7,88.9656853031269,0.00403381650013132,-5030.74528029042,-1484.85370646163
"812",812,7,135.251787603187,0.00329940540375533,-5028.93460510953,-1480.08387473688
"813",813,7,189.129369801131,0.00592020383716113,-5024.5779276108,-1485.41709622689
"814",814,6,229.007689414484,0.00414772682566231,-5168.3830720408,-1340.30922241232
"815",815,6,179.074122026798,0.00446399756148242,-5171.37778760565,-1332.10072993966
"816",816,6,237.794582159729,0.00634260909029345,-5182.31747202216,-1334.18138355599
"817",817,6,198.172107015938,0.00596086176498137,-5175.31949883951,-1332.41079330275
"818",818,6,192.603324055858,0.010818364923589,-5170.19075463103,-1337.93017371553
"819",819,6,225.776619947128,0.00768338403012963,-5167.43241100579,-1339.94163182035
"820",820,6,154.33130200767,0.00383647118178251,-5172.22300925741,-1330.24254165867
"821",821,6,187.595233116528,0.00296825767291344,-5170.54069446414,-1336.16482005659
"822",822,6,142.11444497806,0.0029996166183595,-5163.38935974057,-1333.51718893724
"823",823,6,166.948175983361,0.00287312686775872,-5171.41821959539,-1327.74776392666
"824",824,6,291.473259314576,0.0109671873907638,-5167.35970296687,-1341.41590940085
"825",825,6,158.942718360701,0.00173188838434038,-5166.75224433692,-1334.56114221336
"826",826,6,219.017525917823,0.00177141013956647,-5169.23759365978,-1338.77510601176
"827",827,6,176.548463219082,0.00410955096028912,-5171.41102982242,-1332.00908934018
"828",828,6,122.389940210558,0.00452378301209437,-5165.66710682312,-1330.96833981424
"829",829,6,227.575204208074,0.00369467940242867,-5167.15978911852,-1338.05303016605
"830",830,6,145.729468428017,0.00621990207521999,-5171.51413755699,-1330.77295857968
"831",831,6,133.914973295649,0.00516029973545863,-5171.7314426324,-1334.68453533716
"832",832,6,126.216180164745,0.00280470215228696,-5164.62533907074,-1338.43209691069
"833",833,6,140.961877876723,0.00598146174694808,-5167.12040521004,-1334.97270337782
"834",834,6,169.418540374531,0.00731288581620311,-5168.52346667913,-1334.61111022524
"835",835,7,186.975663097388,0.0054899315139943,-5026.04753057305,-1489.0426290165
"836",836,7,262.661021072323,0.0035767939612421,-5022.95753156457,-1496.10557694802
"837",837,7,159.938870301918,0.00168697247047287,-5022.78581931148,-1494.12699509166
"838",838,7,172.435608071717,0.00875754698650118,-5024.47461013118,-1489.9915783123
"839",839,7,138.336464790071,0.00220350241545682,-5013.59534965922,-1487.86890156976
"840",840,6,173.733241612151,0.00392931749446327,-5122.17937482787,-1395.88521595302
"841",841,6,175.679495578612,0.00844033765921968,-5117.53293117127,-1394.05268886647
"842",842,6,171.323802542056,0.00827043651486594,-5117.03137749163,-1398.46027851349
"843",843,6,211.965087422452,0.0023268209409781,-5125.18404198882,-1389.94850078898
"844",844,6,149.078488718738,0.00249905921991125,-5118.14475162056,-1387.00913497854
"845",845,6,160.596365570812,0.00386040668949517,-5127.26256384276,-1380.23122771157
"846",846,6,285.34986012463,0.0015870309023515,-5139.95432430345,-1379.9357825204
"847",847,7,258.121415740968,0.00171196759999447,-5113.44635832893,-1424.38398863012
"848",848,6,205.591256138346,0.00642060871565522,-5130.51638808061,-1389.50747158343
"849",849,6,220.989771142456,0.00381148862454471,-5175.63828081208,-1337.2050726988
"850",850,6,212.31816418881,0.00361100605484122,-5174.31505205095,-1328.9140115499
"851",851,6,195.847735694981,0.00430836714027012,-5176.31839452394,-1331.91001333496
"852",852,6,169.23002581804,0.00704825431297533,-5174.66646777464,-1327.68121320708
"853",853,6,177.961468900607,0.00335263602947772,-5181.68451560662,-1323.96846697642
"854",854,6,140.776784692139,0.00146894696462965,-5172.01803936948,-1327.76956258823
"855",855,5,93.5142677683273,0.0366158254475966,-5187.65993765874,-1310.83294677228
"856",856,5,208.131534654105,0.00246924772034698,-5269.49625405173,-1235.86270245588
"857",857,5,199.57490489258,0.00169227067606687,-5273.08279068207,-1228.00060035162
"858",858,5,133.538413405477,0.00726831227555594,-5271.42480347388,-1233.74227595797
"859",859,5,192.035164131721,0.00283648947758383,-5280.37265747726,-1229.64555731213
"860",860,5,98.071976719886,0.00394406566584732,-5267.86590783576,-1232.92490468299
"861",861,4,244.164819451373,0.00257682399221351,-5341.19962808409,-1157.43626736975
"862",862,4,198.143524187126,0.00271702783333979,-5347.58832189306,-1152.23525540082
"863",863,5,210.571566725709,0.00510983609480424,-5249.57208337621,-1253.06710408505
"864",864,5,179.347093928461,0.00171476021767405,-5249.93431917885,-1250.61472468567
"865",865,5,207.798756779303,0.00500054756484789,-5241.66189718045,-1257.97917163722
"866",866,5,305.039738339156,0.00249969085575825,-5246.29057141581,-1258.96234709093
"867",867,5,195.121746727485,0.00296547161864439,-5245.86665258627,-1257.86697103377
"868",868,5,257.974814258581,0.00281741451059644,-5244.92174543488,-1255.23826528264
"869",869,5,198.423249562201,0.006143267275872,-5244.41869911674,-1251.7694683684
"870",870,4,313.253229073498,0.00420586192084645,-5347.15664500576,-1158.92940016397
"871",871,4,270.565884380692,0.00266327073547998,-5342.03743268467,-1159.85502432242
"872",872,5,273.823734248004,0.00202322446590171,-5260.65684377596,-1244.54608234451
"873",873,4,197.437120117906,0.00207162037072179,-5342.00470559691,-1155.64416778301
"874",874,4,214.35572474693,0.00595182617484609,-5343.96701800933,-1155.52332885389
"875",875,6,90.8245081659237,0.00240423734960308,-5172.02876858158,-1331.62051885492
"876",876,6,211.581267374471,0.00419989369201893,-5173.3356170401,-1334.49366859808
"877",877,6,177.010806458839,0.00252861779093513,-5169.77453036169,-1330.16147808653
"878",878,6,153.57695451897,0.00328036017867513,-5169.45640797021,-1334.10770117085
"879",879,7,173.56660204,0.00835865392088406,-5124.95859893617,-1398.04126714852
"880",880,7,215.604413720611,0.00335925868336365,-5114.16239655854,-1400.5791483636
"881",881,8,103.03594959482,0.00169082726612051,-5098.74774983221,-1437.94299770837
"882",882,6,222.44126908073,0.00260632500022933,-5178.30433950597,-1334.70379921327
"883",883,6,159.352531393492,0.0143603591209766,-5165.48844597583,-1337.13861909499
"884",884,6,189.361576736573,0.00512626817849699,-5169.17659697759,-1333.04439014469
"885",885,6,170.671245377595,0.00676100607635276,-5167.95774801706,-1335.32890924511
"886",886,6,191.189861024536,0.00414224332631107,-5176.23099589797,-1332.0291569943
"887",887,5,192.473239558234,0.00498735296456784,-5244.76214948954,-1260.45850610103
"888",888,5,261.455518030779,0.00556057819403631,-5242.41167262267,-1263.94070254368
"889",889,5,245.496864629416,0.00663200759850793,-5244.52723617244,-1256.5068605726
"890",890,5,227.690538580913,0.00717167727652948,-5246.2142816211,-1256.72579665725
"891",891,5,173.868506795407,0.0033560862069285,-5252.42940891203,-1256.79827189624
"892",892,5,289.581827856769,0.00489825227214228,-5248.42038687831,-1257.26681287452
"893",893,5,161.09905520544,0.00361043819620635,-5243.7592858765,-1255.50118801628
"894",894,4,289.159668710596,0.00102524272905627,-5450.66005306697,-1056.17262940174
"895",895,4,265.811735121575,0.00388292232084038,-5440.81215890393,-1051.57524208024
"896",896,4,279.168548769601,0.00458749364326317,-5443.73466803891,-1050.11409561178
"897",897,4,376.566549327721,0.00553151348636527,-5448.29319461103,-1050.50745761422
"898",898,4,158.659079247699,0.00327020831772901,-5443.74113775532,-1047.53945131562
"899",899,4,142.621791588075,0.00469426513792992,-5445.57273801227,-1049.97137786126
"900",900,4,215.978148662476,0.00455263504708393,-5457.56899771099,-1048.08539626168
"901",901,4,306.147013600424,0.00144652343291834,-5444.82414832008,-1055.17912667869
"902",902,4,242.593228688823,0.00385361926852268,-5438.41240530658,-1053.07917440489
"903",903,4,204.391499389333,0.00651352851229729,-5437.87482899053,-1051.1820117993
"904",904,4,185.449004312126,0.00197471191189825,-5439.75715920265,-1052.60638586673
"905",905,4,186.083966803371,0.00492231567749796,-5443.39313487617,-1050.45045245492
"906",906,4,220.724523074247,0.00469007936210671,-5441.69593735659,-1053.93903355638
"907",907,4,242.626811765686,0.00431351538053364,-5441.58646460287,-1048.23401556208
"908",908,5,178.361070310724,0.000524825960506271,-5374.1222178913,-1122.97615014638
"909",909,5,151.893439378431,0.00737223713027034,-5359.27572775858,-1132.75384795455
"910",910,5,198.287483923977,0.00106065098791006,-5372.72849064563,-1127.03011383455
"911",911,5,180.273114142004,0.00665566254380491,-5366.74418090389,-1132.27297910101
"912",912,5,245.547530259666,0.00266801572967957,-5363.65711127106,-1130.96229494118
"913",913,5,170.397551109833,0.00439242419073224,-5375.71648558547,-1126.53029863787
"914",914,5,250.833881536642,0.00357611411198059,-5363.56896509778,-1130.23051135701
"915",915,5,144.030782872886,0.00991645412438066,-5366.85561464105,-1131.14468832958
"916",916,5,126.708103780464,0.00157488038953997,-5363.6919415575,-1130.84758869885
"917",917,5,175.15446770738,0.00376273595829237,-5370.34162153848,-1124.10298599917
"918",918,5,206.099409800929,0.000629158567644193,-5385.97465546404,-1119.16825966551
"919",919,4,109.484623556318,0.0394306660317375,-5381.37564454906,-1115.2399281413
"920",920,5,204.984967157326,0.00410665691949009,-5360.09700964549,-1135.92761609473
"921",921,5,177.537694049749,0.00378423225914521,-5372.73172778464,-1127.83121220627
"922",922,5,169.519598724241,0.00384322576823988,-5373.19923543827,-1129.63163674121
"923",923,5,132.839568213822,0.00277912074080941,-5365.12046119391,-1127.78825204369
"924",924,5,212.928508526571,0.00641585069785143,-5365.71031932545,-1132.5613617781
"925",925,5,197.197451566449,0.00336037805527746,-5370.97905161779,-1130.37836961715
"926",926,5,357.12894554034,0.00333231839384804,-5370.35902879694,-1137.91175315571
"927",927,5,299.397923555493,0.00214767521852595,-5374.85747380837,-1131.97850601538
"928",928,5,133.004084251903,0.00477246338706204,-5362.44698650146,-1132.93841905367
"929",929,5,164.699546196616,0.00579574749443567,-5363.01059379401,-1129.31269049222
"930",930,5,233.003697107648,0.00637779372287073,-5370.81063988107,-1126.42261996935
"931",931,5,241.603807489705,0.008305230310368,-5372.88101880615,-1127.49614290512
"932",932,5,184.10467623655,0.0020326001815663,-5376.04728164645,-1125.21085319601
"933",933,5,184.129819800277,0.00301569698881567,-5369.12132347453,-1126.93785944044
"934",934,5,144.06386980538,0.00356887137533762,-5365.11509928871,-1126.64417713571
"935",935,5,148.965314141877,0.0073023677854059,-5364.09456825763,-1131.48944786681
"936",936,5,177.990375929096,0.00328197063773766,-5366.89673120716,-1131.48389702257
"937",937,5,348.595528952004,0.00172601560366472,-5378.89490031845,-1129.0649615387
"938",938,5,161.692920614975,0.00501698205242852,-5376.79144636007,-1123.78390612778
"939",939,5,240.537218775293,0.00567886601857889,-5369.07535700859,-1129.86643614587
"940",940,5,188.910283724118,0.0069712637630016,-5364.7022026784,-1134.75581305795
"941",941,5,132.740864517587,0.0021925315788696,-5380.18378854952,-1122.41864654683
"942",942,5,305.199432344859,0.00509072732563513,-5364.70475455814,-1131.81253382949
"943",943,5,254.518381902984,0.00488599692485836,-5370.98117639086,-1130.18938194058
"944",944,5,185.961084956376,0.00565802726139275,-5365.61312999335,-1130.77984151721
"945",945,5,190.960392738915,0.0059041291302844,-5363.47059204895,-1131.62403810509
"946",946,4,100.137891964252,0.0415943839753951,-5397.54214640178,-1100.59659628799
"947",947,5,206.825790856087,0.000334268432269343,-5383.47262967473,-1122.83248041833
"948",948,5,224.274607480635,0.00287844330769404,-5373.94897556337,-1126.73890087196
"949",949,5,374.652862923478,0.00316687099458148,-5370.66001382079,-1135.68111468619
"950",950,5,170.5753287634,0.00281056051107112,-5367.00573600643,-1135.50849997243
"951",951,5,204.50696337174,0.00108501615329075,-5366.54906168439,-1132.08821927504
"952",952,5,132.357973054495,0.00492978557979666,-5375.04531599693,-1122.45062539226
"953",953,5,172.320187386391,0.00121887464524622,-5368.3890254793,-1127.47857787271
"954",954,5,217.044668465155,0.00272034303177231,-5366.06653475119,-1128.7886131604
"955",955,5,119.242043496547,0.00397337065813554,-5362.22750785081,-1132.93245758159
"956",956,5,200.085226144933,0.00374455292216697,-5365.07540558032,-1131.4948954386
"957",957,5,226.719546250307,0.00798084285400505,-5364.90759886483,-1132.68100187778
"958",958,5,180.067241102836,0.00245538421584881,-5363.26684431877,-1131.53948903621
"959",959,5,144.027283574237,0.00479526986971586,-5362.07906217247,-1129.36250172551
"960",960,5,155.587249631947,0.00436018654838354,-5371.73890422949,-1126.13406604449
"961",961,5,233.49597320381,0.00426841339033715,-5368.6730554896,-1129.79235122334
"962",962,5,180.942781226449,0.00124816845748838,-5367.6816383486,-1130.04946202153
"963",963,5,258.473784022714,0.00616527613105229,-5363.80854117851,-1132.64842899292
"964",964,5,217.754161014496,0.00112120287631485,-5369.71268948904,-1133.48927512704
"965",965,5,251.679323630229,0.00321671564514726,-5369.62228346708,-1130.79482235081
"966",966,5,217.241446877193,0.00109842420370315,-5369.7237872964,-1137.01770654335
"967",967,5,162.74271121652,0.00497130540964918,-5365.63274998042,-1130.1286117084
"968",968,5,129.39897722025,0.0066861803036706,-5379.6678075792,-1124.8224383107
"969",969,5,193.622953373683,0.00697946463337654,-5372.85142240561,-1129.52465697637
"970",970,5,203.796413670157,0.00186565568467565,-5372.75831966978,-1126.4432787517
"971",971,5,223.943992554006,0.00185120459936901,-5374.62220706697,-1128.48323097038
"972",972,5,161.434268648951,0.0051026827757068,-5372.60545752465,-1123.80042696076
"973",973,4,99.2144462371764,0.0436057959839491,-5382.08101565509,-1109.61798418022
"974",974,5,137.129149809348,0.000995151369350006,-5374.61207484805,-1128.43125754629
"975",975,6,187.212989185192,0.0019653319046835,-5321.84950854981,-1190.39336980899
"976",976,5,322.704481110392,0.00315451495613304,-5369.61700542745,-1132.75802285829
"977",977,3,293.946502381162,0.00634943623039591,-5540.4778339669,-948.742820209737
"978",978,3,239.586365820169,0.00265446737086608,-5541.86229853978,-955.013275244763
"979",979,4,217.978311287103,0.00257814833718153,-5473.74465833158,-1026.48741060765
"980",980,4,293.550814650318,0.00772340779614369,-5468.18564464843,-1030.47290096518
"981",981,4,346.559055838579,0.0036364967995977,-5467.96191128669,-1034.385026064
"982",982,4,268.43108672858,0.00298265895872405,-5466.34136531753,-1031.48719435095
"983",983,4,112.233131719518,0.00416249923903619,-5465.66692805128,-1028.35253212571
"984",984,4,131.090311338143,0.00545084664405272,-5462.24666708396,-1031.02799386047
"985",985,4,197.01384053322,0.00339513718457997,-5464.34112278105,-1028.13118333216
"986",986,4,189.378374374976,0.00354425615064596,-5462.21599765456,-1028.05609099345
"987",987,4,177.504220661137,0.00246893925402801,-5464.300412015,-1030.00107023987
"988",988,4,150.584664001305,0.00303879713861222,-5462.84256694502,-1028.37239630903
"989",989,5,167.125121246738,0.00458033346098039,-5368.32663615663,-1124.74417191631
"990",990,5,193.473415554713,0.00310944499454356,-5361.40578757096,-1133.04573629371
"991",991,5,192.082688154364,0.00214347196976689,-5365.60005495009,-1128.9258889132
"992",992,5,188.259567824266,0.00461998315799258,-5364.61205412274,-1143.91596852018
"993",993,5,253.832817557751,0.00536931072907525,-5360.73475918911,-1138.94881659086
"994",994,5,192.423568237218,0.00447260993176689,-5368.89066013749,-1132.47429785805
"995",995,5,197.456984372123,0.00241413417505785,-5374.04392008485,-1130.56421312723
"996",996,5,363.963767062706,0.00686531334123269,-5369.35318044446,-1142.62009575593
"997",997,5,154.306114126646,0.0042143888531162,-5365.50853731929,-1132.73644752871
"998",998,5,131.782228252243,0.00387353992490224,-5372.90750687354,-1133.92177620871
"999",999,5,149.137472956975,0.0024573861538698,-5361.0203571941,-1131.22430554609
"1000",1000,5,131.361818756615,0.00233878729688229,-5358.81830745464,-1133.37526315638
